Group,% Loss,Calories/Day,% Plate
Dairy,31.2539017631,231.7063006883,14.5555639209
Fruit,54.2241146802,80.7744460298,5.0741719533
Grain,31.1699908135,609.6419329371,38.2971118927
Meat,47.4467803615,544.7395123626,34.220005105
Veg,58.4319264695,125.0122413474,7.8531471281
